{
    "GameConfig":{
        "m_MaxHp":3000
    },
    "m_InfoList": [
        {
            "Type": 1,
            "ID": 1,
            "Damage": 25,
            "AttackTime": 0.15,
            "Ammunition": 50,
            "ReloadTime": 3,
            "Tracker": false,
            "Speed":100,
            "Range": 10
        },
        {
            "Type": 2,
            "ID": 2,
            "Damage": 500,
            "AttackTime": 5,
            "Ammunition": 1,
            "ReloadTime": 10,
            "Tracker": true,
            "Speed":16,
            "Range": 10
        },
        {
            "Type": 3,
            "ID": 3,
            "Damage": 30,
            "AttackTime": 0.1,
            "Ammunition": 50,
            "ReloadTime": 10,
            "Tracker": false,
            "Range": 10
        }
    ],
    "BrithPonits":[
        [-46.7928,7.080562,106.8382],[27.97751,7.080562,126.7987],[93.7492,7.080562,115.0187],[144.7959,7.080562,63.31755],[170.9737,7.080562,-6.217227],[155.9214,7.080562,-93.42202],[90.96781,7.080562,-127.4532],[31.41335,7.080562,-112.0737],[-93.42197,7.080562,-61.84505],[-80.4967,7.080562,56.44588]
    ],
    "DropItem":{
        "Points":[
            [24.14532,5.593242,-4.46151],[10.2814,5.593242,36.29504],[-10.76502,5.593242,-35.36299],[42.01807,5.593242,-53.40277],[113.8431,5.593242,-36.03113],[83.6098,5.593242,-40.87514],[148.0853,5.593242,-4.962615],[52.54128,5.593242,121.817],[111.1706,5.593242,106.6168],[150.2568,5.593242,47.15231],[167.2944,5.593242,-40.54108],[147.2502,5.593242,-126.5641],[80.60316,5.593242,-121.386],[39.84661,5.593242,-103.1792],[-81.75492,5.593242,-50.56318],[-104.9728,5.593242,21.59595],[-63.71513,5.593242,85.7374],[-2.413263,5.593242,136.015],[27.31898,5.593242,82.89781],[-29.63998,5.593242,65.69321],[-22.1234,5.593242,-63.42488],[0.9274385,5.593242,-108.0232],[183.4968,5.593242,-1.454879],[73.08659,5.593242,-86.64275],[165.624,5.593242,-92.48898],[85.94829,5.593242,136.8501],[73.5877,5.593242,94.75729],[-42.16761,5.593242,115.6367],[-79.58347,5.593242,50.15894],[-80.91975,5.593242,-85.80757],[-45.67535,5.593242,-113.5354],[116.1816,5.593242,-145.272],[118.5201,5.593242,52.49744],[48.8665,5.593242,9.736466],[55.54791,5.593242,-139.2588],[-24.62893,5.593242,36.79615],[-29.47294,5.593242,-24.33868],[-102.6343,5.593242,-18.15838],[30.49265,5.593242,136.015]
        ],
        "Refresh":[
            {
                "m_Type":1,
                "m_Desc":"能量水晶",
                "m_RefreshCount":12,
                "m_StartTime":5
            },
            {
                "m_Type":2,
                "m_Desc":"护盾",
                "m_RefreshCount":3,
                "m_StartTime":10
            },
            {
                "m_Type":3,
                "m_Desc":"电磁风暴",
                "m_RefreshCount":3,
                "m_StartTime":10
            }
        ],
        "Skills":[
            {
                "m_Type":1,
                "m_Desc":"能量水晶",
                "m_Duration":0,
                "m_CoolDown":0,
                "m_UserData":[]
            },
            {
                "m_Type":2,
                "m_Desc":"护盾",
                "m_Duration":10,
                "m_CoolDown":50,
                "m_UserData":[5]
            },
            {
                "m_Type":3,
                "m_Desc":"电磁风暴",
                "m_Duration":1,
                "m_CoolDown":50,
                "m_UserData":[20]
            }
        ]
    }
}