{
    "GameConfig":{
        "m_MaxHp":3000,
        "m_LogToFile":true,
        "m_LogToConsole":true,
        "m_LogName":"channel",
        "m_LogPath":"../log/channel.log"
    },
    "m_InfoList": [
        {
            "Type": 1,
            "ID": 1,
            "Damage": 25,
            "AttackTime": 0.15,
            "Ammunition": 50,
            "ReloadTime": 3,
            "Tracker": false,
            "Speed":100,
            "Range": 10
        },
        {
            "Type": 2,
            "ID": 2,
            "Damage": 500,
            "AttackTime": 5,
            "Ammunition": 1,
            "ReloadTime": 10,
            "Tracker": true,
            "Speed":17,
            "Range": 10
        },
        {
            "Type": 3,
            "ID": 3,
            "Damage": 30,
            "AttackTime": 0.2,
            "Ammunition": 50,
            "ReloadTime": 10,
            "Tracker": false,
            "Range": 10
        }
    ],
    "BrithPonits":[
        [-46.7928,7.080562,106.8382],[27.97751,7.080562,126.7987],[93.7492,7.080562,115.0187],[144.7959,7.080562,63.31755],[170.9737,7.080562,-6.217227],[155.9214,7.080562,-93.42202],[90.96781,7.080562,-127.4532],[31.41335,7.080562,-112.0737],[-93.42197,7.080562,-61.84505],[-80.4967,7.080562,56.44588]
    ],
    "DropItem":{
        "Points":[
            [24.14532,3.78,-4.46151],[10.2814,3.78,36.29504],[-10.76502,3.78,-35.36299],[42.01807,3.78,-53.40277],[113.8431,3.78,-36.03113],[83.6098,3.78,-40.87514],[148.0853,3.78,-4.962615],[52.54128,3.78,121.817],[111.1706,3.78,106.6168],[150.2568,3.78,47.15231],[167.2944,3.78,-40.54108],[147.2502,3.78,-126.5641],[80.60316,3.78,-121.386],[39.84661,3.78,-103.1792],[-81.75492,3.78,-50.56318],[-104.9728,3.78,21.59595],[-63.71513,3.78,85.7374],[-2.413263,3.78,136.015],[27.31898,3.78,82.89781],[-29.63998,3.78,65.69321],[-22.1234,3.78,-63.42488],[0.9274385,3.78,-108.0232],[183.4968,3.78,-1.454879],[73.08659,3.78,-86.64275],[165.624,3.78,-92.48898],[85.94829,3.78,136.8501],[73.5877,3.78,94.75729],[-42.16761,3.78,115.6367],[-79.58347,3.78,50.15894],[-80.91975,3.78,-85.80757],[-45.67535,3.78,-113.5354],[116.1816,3.78,-145.272],[118.5201,3.78,52.49744],[48.8665,3.78,9.736466],[55.54791,3.78,-139.2588],[-24.62893,3.78,36.79615],[-29.47294,3.78,-24.33868],[-102.6343,3.78,-18.15838],[30.49265,3.78,136.015]
        ],
        "Refresh":[
            {
                "m_Type":1,
                "m_Desc":"能量水晶",
                "m_RefreshCount":12,
                "m_StartTime":5
            },
            {
                "m_Type":2,
                "m_Desc":"护盾",
                "m_RefreshCount":3,
                "m_StartTime":10
            },
            {
                "m_Type":3,
                "m_Desc":"电磁风暴",
                "m_RefreshCount":3,
                "m_StartTime":10
            }
        ],
        "Skills":[
            {
                "m_Type":1,
                "m_Desc":"能量水晶",
                "m_Duration":0,
                "m_CoolDown":0,
                "m_UserData":[]
            },
            {
                "m_Type":2,
                "m_Desc":"护盾",
                "m_Duration":10,
                "m_CoolDown":50,
                "m_UserData":[10]
            },
            {
                "m_Type":3,
                "m_Desc":"电磁风暴",
                "m_Duration":1,
                "m_CoolDown":50,
                "m_UserData":[20]
            }
        ]
    },
    "LevelReward":[
        [1,0,0,0],
        [2,750,5,4],
        [3,1000,15,8],
        [4,1250,25,16],
        [5,1500,35,28]
    ]
}